id,nafn,fæðingardagur
1347,Adda María Jóhannsdóttir,1967-03-07
739,Adda Bára Sigfúsdóttir,1926-12-30
646,Adolf H. Berndsen,1959-01-19
14,Aðalheiður Bjarnfreðsdóttir,1921-08-08
15,Albert Guðmundsson,1923-10-05
1298,Albert Guðmundsson,1991-02-21
1324,Albertína Friðbjörg Elíasdóttir,1980-02-17
1346,Alex B. Stefánsson,1986-10-03
16,Alexander Stefánsson,1922-10-06
17,Alfreð Gíslason,1905-07-07
18,Alfreð Gíslason,1905-12-12
1021,Alma Lísa Jóhannsdóttir,1972-11-25
1138,Amal Tamimi,1960-01-07
20,Andrés Eyjólfsson,1886-05-27
1234,Andrés Ingi Jónsson,1979-08-16
1290,Andri Þór Sturluson,1984-02-27
740,Angantýr Guðjónsson,1917-05-22
1326,Anna Kolbrún Árnadóttir,1970-04-16
21,Anna Ólafsdóttir Björnsson,1952-06-04
1221,Anna María Elíasdóttir,1970-01-11
1002,Anna Margrét Guðjónsdóttir,1961-06-01
648,Anna Kristín Gunnarsdóttir,1952-01-06
741,Anna Jensdóttir,1953-12-18
742,Anna Kristín Sigurðardóttir,1957-08-05
1011,Anna Pála Sverrisdóttir,1983-09-19
22,Ari Arnalds,1872-06-07
23,Ari Brynjólfsson,1849-02-03
1249,Ari Trausti Guðmundsson,1948-12-03
1141,Ari Matthíasson,1964-04-15
1004,Arna Lára Jónsdóttir,1976-05-30
2,Arnbjörg Sveinsdóttir,1956-02-18
743,Arndís Jónsdóttir,1945-12-29
1007,Arndís Soffía Sigurðardóttir,1978-06-06
744,Arnfinnur Jónsson,1896-05-07
24,Arnljótur Ólafsson,1823-11-21
1053,Arnór Sigurjónsson,1893-05-01
745,Arnþrúður Karlsdóttir,1953-10-21
675,Atli Gíslason,1947-08-12
25,Auður Auðuns,1911-02-18
746,Auður Eiríksdóttir,1938-08-11
1000,Auður Lilja Erlingsdóttir,1979-08-23
747,Auður Sveinsdóttir,1947-09-11
749,Axel Guðmundsson,1905-06-15
26,Axel Jónsson,1922-06-08
27,Axel V. Tulinius,1865-06-06
647,Ágúst Ólafur Ágústsson,1977-03-10
28,Ágúst Einarsson,1952-01-11
29,Ágúst Flygenring,1865-04-17
30,Ágúst Helgason,1862-10-17
31,Ágúst Þorvaldsson,1907-08-01
750,Ágústa Gísladóttir,1958-01-04
32,Áki Jakobsson,1911-07-01
676,Álfheiður Ingadóttir,1951-05-01
1054,Ármann Höskuldsson,1960-06-30
677,Ármann Kr. Ólafsson,1966-07-17
678,Árni Páll Árnason,1966-05-23
33,Árni R. Árnason,1941-08-04
36,Árni Gunnarsson,1940-04-14
1055,Árni Gunnarsson,1967-04-15
38,Árni Johnsen,1944-03-01
4,Árni Steinar Jóhannsson,1953-06-12
39,Árni Jónsson,1849-07-09
40,Árni Jónsson,1891-08-24
649,Árni Magnússon,1965-06-04
5,Árni M. Mathiesen,1958-10-02
679,Árni Þór Sigurðsson,1960-07-30
41,Árni Thorsteinson,1828-04-05
42,Ásberg Sigurðsson,1917-04-18
718,Ásbjörn Óttarsson,1962-11-16
43,Ásgeir Ásgeirsson,1894-05-13
1056,Ásgeir Logi Ásgeirsson,1963-06-03
44,Ásgeir Bjarnason,1914-09-06
45,Ásgeir Einarsson,1809-07-23
46,Ásgeir Hannes Eiríksson,1947-05-19
1106,Ásgeir Friðgeirsson,1958-10-25
751,Ásgeir Pétursson,1922-03-21
752,Ásgeir Sigurðsson,1894-11-28
1231,Áslaug María Friðriksdóttir,1969-07-20
1261,Áslaug Arna Sigurbjörnsdóttir,1990-11-30
707,Ásmundur Einar Daðason,1982-10-29
1157,Ásmundur Friðriksson,1956-01-21
753,Ásmundur B. Olsen,1910-12-02
47,Ásmundur Sigurðsson,1903-05-26
754,Ásmundur Stefánsson,1945-03-21
1214,Ásta Guðrún Helgadóttir,1990-02-05
48,Ásta R. Jóhannesdóttir,1949-10-16
221,Ásta Möller,1957-01-12
666,Ásta B. Þorsteinsdóttir,1945-12-01
755,Baldur Óskarsson,1940-12-26
1136,Baldur Þórhallsson,1968-01-25
1126,Baldvin Jónsson,1970-12-09
49,Barði Guðmundsson,1900-10-12
50,Benedikt Bogason,1933-09-17
51,Benedikt Gröndal,1924-07-07
1248,Benedikt Jóhannesson,1955-05-04
52,Benedikt Kristjánsson,1824-03-16
53,Benedikt Sveinsson,1826-01-20
54,Benedikt Sveinsson,1877-12-02
757,Benóný Arnórsson,1927-09-25
1057,Bergljót Halldórsdóttir,1955-10-01
56,Bergur Jónsson,1898-09-24
57,Bergur Sigurbjörnsson,1917-05-20
58,Bergur Thorberg,1829-01-23
758,Bergþór Finnbogason,1920-04-10
1327,Bergþór Ólason,1975-09-26
59,Bernharð Stefánsson,1889-01-08
759,Bessí Jóhannsdóttir,1948-02-05
650,Birgir Ármannsson,1968-06-12
760,Birgir Dýrfjörð,1935-10-26
60,Birgir Finnsson,1917-05-19
61,Birgir Ísleifur Gunnarsson,1936-07-19
62,Birgir Kjaran,1916-06-13
1129,Birgir Þórarinsson,1965-06-23
728,Birgitta Jónsdóttir,1967-04-17
651,Birkir Jón Jónsson,1979-07-24
1153,Birna Lárusdóttir,1966-03-14
761,Birna K. Lárusdóttir,1946-06-22
1088,Birna Sigurjónsdóttir,1946-09-17
1012,Bjarkey Olsen Gunnarsdóttir,1965-02-27
762,Bjarnfríður Leósdóttir,1924-08-06
63,Bjarni Ásgeirsson,1891-08-01
64,Bjarni Benediktsson,1908-04-30
652,Bjarni Benediktsson,1970-01-26
65,Bjarni Bjarnason,1889-10-23
66,Bjarni Guðbjörnsson,1912-11-29
67,Bjarni Guðnason,1928-09-03
680,Bjarni Harðarson,1961-12-25
1303,Bjarni Halldór Janusson,1995-12-04
1296,Bjarni Jónsson,1966-06-06
70,Bjarni Snæbjörnsson,1889-03-08
69,Bjarni Jónsson frá Vogi,1863-10-13
72,Bjartmar Guðmundsson,1900-06-07
763,Björgvin Guðmundsson,1932-09-13
73,Björgvin Jónsson,1925-11-15
764,Björgvin Salómonsson,1934-01-17
653,Björgvin G. Sigurðsson,1970-10-30
681,Björk Guðjónsdóttir,1954-01-16
765,Björk Jóhannsdóttir,1960-10-25
1200,Björk Vilhelmsdóttir,1963-10-02
74,Björn Bjarnarson,1853-12-23
75,Björn Bjarnarson,1856-08-14
76,Björn Bjarnason,1944-11-14
766,Björn Ingi Bjarnason,1953-07-07
77,Björn Fr. Björnsson,1909-09-18
79,Björn Dagbjartsson,1937-01-19
767,Björn Gíslason,1946-11-11
737,Björn Valur Gíslason,1959-09-20
1215,Björn Leví Gunnarsson,1976-06-01
81,Björn Hallsson,1875-11-21
1044,Björn Ingi Hrafnsson,1973-08-05
83,Björn Jónsson,1846-10-08
84,Björn Jónsson,1916-09-03
85,Björn Kristjánsson,1858-02-26
86,Björn Kristjánsson,1880-02-22
87,Björn Líndal,1876-06-05
768,Björn Líndal,1956-11-01
88,Björn Ólafsson,1895-11-26
89,Björn M. Ólsen,1850-07-14
90,Björn Pálsson,1905-02-25
92,Björn Sigfússon,1849-06-22
769,Björn Stefánsson,1910-04-07
93,Björn R. Stefánsson,1880-05-21
770,Björn Sveinbjörnsson,1919-09-01
771,Björn Grétar Sveinsson,1944-01-19
94,Björn Þorláksson,1851-04-15
772,Björn Þórarinsson,1905-03-30
1158,Björt Ólafsdóttir,1983-03-02
95,Bogi Th. Melsteð,1860-05-04
773,Bogi Sigurbjörnsson,1937-11-24
774,Bogi Þórðarson,1917-08-31
775,Bragi Jósepsson,1930-02-06
776,Bragi Michaelsson,1947-05-30
96,Bragi Níelsson,1926-02-16
97,Bragi Sigurjónsson,1910-11-09
777,Bryndís Friðgeirsdóttir,1957-11-04
1096,Bryndís Guðmundsdóttir,1943-06-22
1039,Bryndís Haraldsdóttir,1976-12-29
98,Bryndís Hlöðversdóttir,1960-10-08
1186,Brynhildur S. Björnsdóttir,1977-06-27
1159,Brynhildur Pétursdóttir,1969-04-30
1107,Brynja Magnúsdóttir,1977-05-26
1160,Brynjar Níelsson,1960-09-01
100,Brynjólfur Bjarnason,1898-05-26
778,Brynjólfur Sveinbergsson,1934-01-17
779,Böðvar Bragason,1938-10-04
1108,Böðvar Jónsson,1968-07-31
654,Dagný Jónsdóttir,1976-01-16
102,Danfríður Skarphéðinsdóttir,1953-03-03
1309,Daníel E. Arnarsson,1990-02-28
780,Daníel Ágústínusson,1913-03-18
1098,Daníel Árnason,1959-06-16
104,Davíð Aðalsteinsson,1946-12-13
106,Davíð Oddsson,1948-01-17
107,Davíð Ólafsson,1916-04-25
781,Davíð Pétursson,1939-04-02
1010,Davíð Stefánsson,1973-10-14
1097,Dóra Líndal Hjartardóttir,1953-08-09
1305,Dóra Sif Tynes,1972-04-16
109,Drífa Hjartardóttir,1950-02-01
782,Drífa J. Sigfúsdóttir,1954-07-08
1225,Drífa Snædal,1973-06-05
1032,Dýrleif Skjóldal,1963-04-10
1014,Dögg Pálsdóttir,1956-08-02
1185,Edward H. Huijbens,1976-03-28
108,Eðvarð Sigurðsson,1910-07-18
110,Eggert Benediktsson,1861-08-29
112,Eggert Gunnarsson,1840-07-23
113,Eggert Haukdal,1933-04-26
114,Eggert Pálsson,1864-10-06
115,Eggert G. Þorsteinsson,1925-07-06
116,Egill Egilsson,1829-07-08
117,Egill Jónsson,1930-12-14
118,Eiður Guðnason,1939-11-07
119,Einar Arnórsson,1880-02-24
120,Einar Ágústsson,1922-09-23
121,Einar Árnason,1875-11-27
122,Einar Ásmundsson,1828-06-20
1274,Einar Brynjólfsson,1968-10-26
123,Einar Gíslason,1838-12-09
783,Einar Guðfinnsson,1898-05-17
124,Einar K. Guðfinnsson,1955-12-02
125,Einar B. Guðmundsson,1841-09-04
1109,Einar Karl Haraldsson,1947-12-17
126,Einar Ingimundarson,1917-05-29
127,Einar Jónsson,1853-12-07
128,Einar Jónsson,1868-11-18
129,Einar Oddur Kristjánsson,1942-12-26
784,Einar Oddsson,1931-04-20
130,Einar Olgeirsson,1902-08-14
134,Einar Már Sigurðarson,1951-10-29
785,Einar Sigurðsson,1906-02-07
131,Einar Thorlacius,1851-11-18
132,Einar Þorgilsson,1865-08-25
133,Einar Þórðarson,1867-08-07
786,Eiríkur Alexandersson,1936-06-13
135,Eiríkur Briem,1846-07-17
136,Eiríkur Einarsson,1885-03-02
138,Eiríkur Gíslason,1857-03-14
1045,Eiríkur Jónsson,1977-02-12
139,Eiríkur Ó. Kúld,1822-06-12
787,Eiríkur Sigurðsson,1947-08-16
140,Eiríkur Þorsteinsson,1905-02-16
1233,Eldar Ástþórsson,1977-05-29
788,Elín S. Harðardóttir,1958-03-07
1181,Elín Hirst,1960-09-04
789,Elín Jóhannsdóttir,1943-07-08
790,Elín R. Líndal,1956-05-24
791,Elínbjörg Magnúsdóttir,1949-03-24
792,Ellert Eiríksson,1938-05-01
141,Ellert B. Schram,1939-10-10
1161,Elsa Lára Arnardóttir,1975-12-30
995,Elsa Kristjánsdóttir,1942-08-23
1340,Elvar Eyvindsson,1960-09-20
142,Emil Jónsson,1902-10-27
1005,Erla Ósk Ásgeirsdóttir,1977-09-30
144,Erlendur Þorsteinsson,1906-06-12
145,Erlingur Friðjónsson,1877-02-07
1237,Erna Indriðadóttir,1952-12-25
1253,Eva Pandora Baldursdóttir,1990-10-08
1316,Eva Einarsdóttir,1976-04-07
1133,Eva Magnúsdóttir,1964-04-08
703,Eygló Harðardóttir,1972-12-12
147,Eyjólfur Konráð Jónsson,1928-06-13
793,Eyjólfur Sigurðsson,1938-11-29
1224,Eyrún Eyþórsdóttir,1973-07-12
1149,Eyrún Ingibjörg Sigþórsdóttir,1966-10-26
148,Eysteinn Jónsson,1906-11-13
1046,Fanný Gunnarsdóttir,1957-07-23
794,Finnbogi Hermannsson,1945-09-20
149,Finnbogi R. Valdimarsson,1906-09-24
150,Finnur Ingólfsson,1954-08-08
151,Finnur Jónsson,1894-09-28
152,Finnur Torfi Stefánsson,1947-03-20
1211,Fjóla Hrund Björnsdóttir,1988-05-15
1188,Freyja Haraldsdóttir,1986-06-27
154,Friðjón Skarphéðinsson,1909-04-15
155,Friðjón Þórðarson,1923-02-05
156,Friðrik Sophusson,1943-10-18
157,Friðrik Stefánsson,1840-08-31
1162,Frosti Sigurjónsson,1962-12-19
158,Garðar Halldórsson,1900-12-30
159,Garðar Sigurðsson,1933-11-20
160,Garðar Þorsteinsson,1898-10-29
161,Geir Gunnarsson,1930-04-12
162,Geir H. Haarde,1951-04-08
163,Geir Hallgrímsson,1925-12-16
1212,Geir Jón Þórisson,1952-04-24
795,Geirþrúður H. Bernhöft,1921-07-19
164,Gils Guðmundsson,1914-12-31
796,Gizur Gottskálksson,1950-03-04
166,Gísli S. Einarsson,1945-12-12
167,Gísli Guðmundsson,1903-12-02
168,Gísli Jónsson,1889-08-17
797,Gísli Jónsson,1925-09-14
170,Gísli Sveinsson,1880-12-07
682,Grétar Mar Jónsson,1955-04-29
798,Grétar Þorsteinsson,1940-10-20
171,Grímur Thomsen,1820-05-15
683,Guðbjartur Hannesson,1950-06-03
172,Guðbrandur Ísberg,1893-05-28
684,Guðfinna S. Bjarnadóttir,1957-10-27
727,Guðfríður Lilja Grétarsdóttir,1972-01-10
1257,Guðjón S. Brjánsson,1955-03-22
173,Guðjón Guðlaugsson,1857-12-09
175,Guðjón Guðmundsson,1942-10-29
655,Guðjón Hjörleifsson,1955-06-18
670,Guðjón Ólafur Jónsson,1968-02-17
799,Guðjón Jósefsson,1909-04-11
176,Guðjón A. Kristjánsson,1944-07-05
1059,Guðjón Sigurjónsson,1971-01-04
1204,Guðlaug Elísabet Finnsdóttir,1981-05-19
177,Guðlaugur Gíslason,1908-08-01
178,Guðlaugur Guðmundsson,1856-12-08
656,Guðlaugur Þór Þórðarson,1967-12-19
180,Guðmundur Ágústsson,1958-08-30
1110,Guðmundur Beck,1950-04-06
181,Guðmundur Bjarnason,1944-10-09
182,Guðmundur Björnsson,1864-10-12
800,Guðmundur Búason,1946-04-13
184,Guðmundur Eggerz,1873-09-30
185,Guðmundur Einarsson,1816-03-25
186,Guðmundur Einarsson,1948-11-05
187,Guðmundur H. Garðarsson,1928-10-17
801,Guðmundur Gíslason,1950-09-21
188,Guðmundur Guðfinnsson,1884-04-20
189,Guðmundur Í. Guðmundsson,1909-07-17
190,Guðmundur J. Guðmundsson,1927-01-22
191,Guðmundur Hallvarðsson,1942-12-07
192,Guðmundur Hannesson,1866-09-09
996,Guðmundur Jónasson,1905-06-03
802,Guðmundur Þ Jónsson,1939-12-25
193,Guðmundur Karlsson,1936-06-09
1329,Guðmundur Ingi Kristinsson,1955-07-14
803,Guðmundur Lárusson,1950-06-20
1020,Guðmundur Magnússon,1947-07-06
804,Guðmundur Oddsson,1943-04-22
194,Guðmundur Ólafsson,1825-04-03
195,Guðmundur Ólafsson,1867-10-13
805,Guðmundur Stefánsson,1952-04-10
7,Guðmundur Árni Stefánsson,1955-10-31
704,Guðmundur Steingrímsson,1972-10-28
1343,Guðmundur Sævar Sævarsson,1968-03-04
1328,Guðmundur Andri Thorsson,1957-12-31
806,Guðmundur Vésteinsson,1941-10-04
807,Guðmundur Þorsteinsson,1937-08-18
197,Guðmundur G. Þórarinsson,1939-10-29
198,Guðni Ágústsson,1949-04-09
1023,Guðný Helga Björnsdóttir,1969-05-21
199,Guðný Guðbjörnsdóttir,1949-05-25
1024,Guðný Hrund Karlsdóttir,1971-05-22
200,Guðrún Agnarsdóttir,1941-06-02
808,Guðrún Benediktsdóttir,1928-07-10
1008,Guðrún Erlingsdóttir,1962-10-18
201,Guðrún J. Halldórsdóttir,1935-02-28
809,Guðrún Hallgrímsdóttir,1941-11-05
202,Guðrún Helgadóttir,1935-09-07
1111,Guðrún Inga Ingólfsdóttir,1972-07-06
203,Guðrún Lárusdóttir,1880-01-08
1099,Guðrún Sigurjónsdóttir,1957-04-25
810,Guðrún Tryggvadóttir,1946-07-06
1151,Guðrún H. Valdimarsdóttir,1973-02-23
1312,Guðrún Ágústa Þórdísardóttir,1962-07-12
204,Guðrún Ögmundsdóttir,1950-10-19
811,Gunnar Benediktsson,1892-10-09
205,Gunnar Birgisson,1947-09-30
812,Gunnar J Friðriksson,1921-05-12
206,Gunnar Gíslason,1914-04-05
813,Gunnar Guðbjartsson,1917-06-06
1285,Gunnar Ingiberg Guðmundsson,1983-12-17
1060,Gunnar Ingi Gunnarsson,1946-08-21
207,Gunnar Halldórsson,1837-10-18
208,Gunnar Jóhannsson,1895-09-29
1262,Gunnar Hrafn Jónsson,1981-06-13
814,Gunnar Már Kristófersson,1944-07-19
815,Gunnar M. Magnúss,1898-12-02
209,Gunnar Ólafsson,1864-02-18
1061,Gunnar Ólafsson,1958-04-27
1062,Gunnar Pálsson,1948-06-06
816,Gunnar R. Pétursson,1938-09-04
210,Gunnar G. Schram,1931-02-20
211,Gunnar Sigurðsson,1888-07-14
685,Gunnar Svavarsson,1962-09-26
817,Gunnar Sveinsson,1923-03-10
722,Gunnar Bragi Sveinsson,1968-06-09
212,Gunnar Thoroddsen,1910-12-29
657,Gunnar Örlygsson,1971-08-04
213,Gunnlaugur Briem,1847-08-18
214,Gunnlaugur Finnsson,1928-05-11
215,Gunnlaugur M. Sigmundsson,1948-06-30
216,Gunnlaugur Stefánsson,1952-05-17
818,Gunnlaugur Þórðarson,1919-04-14
819,Gunnþórunn Gunnlaugsdóttir,1937-05-22
820,Guttormur Einarsson,1938-03-15
218,Guttormur Vigfússon,1850-08-08
219,Gylfi Þ Gíslason,1917-02-07
1281,Hafdís Gunnarsdóttir,1980-06-14
821,Hafsteinn Þorvaldsson,1931-04-28
1330,Halla Signý Kristjánsdóttir,1964-05-01
8,Halldór Ásgrímsson,1947-09-08
220,Halldór Ásgrímsson,1896-04-17
12,Halldór Blöndal,1938-08-24
222,Halldór Daníelsson,1853-07-06
223,Halldór Kr. Friðriksson,1819-11-27
822,Halldór Þ. Jónsson,1929-11-19
823,Halldór Kristjánsson,1910-10-02
824,Halldór S Magnússon,1942-04-30
225,Halldór E Sigurðsson,1915-09-09
226,Halldór Stefánsson,1877-05-26
227,Halldór Steinsson,1873-08-31
1218,Halldóra Mogensen,1979-07-11
1127,Halldóra Lóa Þorvaldsdóttir,1981-06-25
228,Hallgrímur Benediktsson,1885-07-20
231,Hallgrímur Sveinsson,1841-04-05
1276,Hanna Katrín Friðriksson,1964-08-04
1029,Hanna Birna Jóhannsdóttir,1944-10-01
1163,Hanna Birna Kristjánsdóttir,1966-10-12
825,Hannes Baldvinsson,1931-04-10
232,Hannes Hafstein,1861-12-04
233,Hannes Jónsson,1893-11-17
235,Hannes Þorsteinsson,1860-08-30
236,Hannibal Valdimarsson,1903-01-13
1164,Haraldur Benediktsson,1966-01-23
1165,Haraldur Einarsson,1987-09-24
237,Haraldur Guðmundsson,1892-07-26
826,Haraldur Henrysson,1938-02-17
827,Haraldur Jónasson,1895-08-09
238,Haraldur Ólafsson,1930-07-14
828,Haukur Hafstað,1920-12-23
829,Hákon Hákonarson,1945-02-06
239,Hákon Kristófersson,1877-04-20
240,Hálfdan Guðjónsson,1863-05-23
830,Hálfdán Sveinsson,1907-05-07
1213,Heiða Kristín Helgadóttir,1983-04-20
831,Heimir Hannesson,1936-07-10
1134,Helena Þ. Karlsdóttir,1967-08-28
1063,Helga A. Erlingsdóttir,1950-06-30
1064,Helga Halldórsdóttir,1962-09-02
832,Helga Hannesdóttir,1934-02-01
702,Helga Sigrún Harðardóttir,1969-12-12
1331,Helga Vala Helgadóttir,1972-03-14
1065,Helga Guðrún Jónasdóttir,1963-12-06
1047,Helga Þorbergsdóttir,1959-07-26
241,Helgi Bergs,1920-06-09
1166,Helgi Hrafn Gunnarsson,1980-10-22
658,Helgi Hjörvar,1967-06-09
244,Helgi Jónasson,1894-04-19
245,Helgi Seljan,1934-01-15
1038,Herdís Á. Sæmundardóttir,1954-07-30
700,Herdís Þórðardóttir,1953-01-31
247,Hermann Guðmundsson,1914-06-15
248,Hermann Jónasson,1858-10-22
249,Hermann Jónasson,1896-12-25
833,Hermann Jónsson,1913-08-13
834,Hermann Níelsson,1948-02-28
835,Hermann Þórarinsson,1913-10-02
250,Héðinn Valdimarsson,1892-05-26
836,Hildur Einarsdóttir,1927-04-03
1291,Hildur Knútsdóttir,1984-06-16
1279,Hildur Sverrisdóttir,1978-10-22
1112,Hilmar Gunnlaugsson,1969-04-20
837,Hilmar S. Hálfdánarson,1934-02-24
838,Hilmar Pétursson,1926-09-11
839,Hilmar Rósmundsson,1925-10-16
1066,Hjalti Haraldsson,1917-12-07
251,Hjálmar Árnason,1950-11-15
1202,Hjálmar Bogi Hafliðason,1980-01-18
252,Hjálmar Jónsson,1950-04-17
253,Hjálmur Pétursson,1827-12-23
840,Hjördís Hjörleifsdóttir,1926-02-25
1113,Hjördís Þóra Sigurþórsdóttir,1959-06-05
254,Hjörleifur Guttormsson,1935-10-31
841,Hjörtur Hjálmarsson,1905-06-28
255,Hjörtur Snorrason,1859-09-29
842,Hjörtur E. Þórarinsson,1920-02-24
1048,Hlynur Hallsson,1968-09-25
256,Holger Clausen,1831-08-01
1067,Hólmfríður Sveinsdóttir,1967-06-18
843,Hrafn Jökulsson,1965-11-01
844,Hrafnkell A. Jónsson,1948-02-03
257,Hreggviður Jónsson,1943-12-26
1027,Huld Aðalbjarnardóttir,1968-02-07
845,Hulda Jensdóttir,1925-01-05
1235,Hörður Ríkharðsson,1962-12-29
686,Höskuldur Þórhallsson,1973-05-08
1308,Iðunn Garðarsdóttir,1989-10-13
687,Illugi Gunnarsson,1967-08-26
258,Indriði Einarsson,1851-04-30
846,Inga Birna Jónsdóttir,1934-09-17
1332,Inga Sæland,1959-08-03
260,Ingi Björn Albertsson,1952-11-03
847,Ingi R. Helgason,1924-07-29
261,Ingi Tryggvason,1921-02-14
262,Ingiberg Jónas Hannesson,1935-03-09
263,Ingibjörg H. Bjarnason,1867-12-14
848,Ingibjörg Daníelsdóttir,1954-12-08
264,Ingibjörg Sólrún Gísladóttir,1954-12-31
1025,Ingibjörg Inga Guðmundsdóttir,1955-10-27
1209,Ingibjörg Óðinsdóttir,1966-01-19
265,Ingibjörg Pálmadóttir,1949-02-18
1100,Ingibjörg Sigmundsdóttir,1956-09-03
1236,Ingibjörg Þórðardóttir,1972-05-20
266,Ingólfur Bjarnarson,1874-11-06
267,Ingólfur Flygenring,1896-06-24
268,Ingólfur Guðnason,1926-02-27
269,Ingólfur Jónsson,1909-05-15
1101,Ingunn St. Svavarsdóttir,1951-01-23
270,Ingvar Gíslason,1926-03-28
849,Ingvar Jóhannsson,1931-05-26
271,Ingvar Pálmason,1873-07-26
1040,Ingvi Hrafn Óskarsson,1974-01-14
1132,Íris Róbertsdóttir,1972-01-11
272,Ísleifur Gíslason,1841-05-12
273,Ísleifur Högnason,1895-11-30
274,Ísólfur Gylfi Pálmason,1954-03-17
275,Jakob Guðmundsson,1817-06-10
1114,Jakob Frímann Magnússon,1953-05-04
276,Jakob Möller,1880-07-12
278,Jens Pálsson,1851-04-01
280,Jóhann Ársælsson,1943-12-07
282,Jóhann Einvarðsson,1938-08-10
283,Jóhann Eyjólfsson,1862-01-13
284,Jóhann Hafstein,1915-09-19
850,Jóhann S. Hlíðar,1918-08-25
851,Jóhann A. Jónsson,1955-11-27
285,Jóhann Þ. Jósefsson,1886-06-17
286,Jóhann G. Möller,1907-05-28
852,Jóhann Sigurðsson,1913-04-24
1208,Jóhanna Kristín Björnsdóttir,1977-06-10
853,Jóhanna Egilsdóttir,1881-11-25
854,Jóhanna G Leopoldsdóttir,1956-05-03
1115,Jóhanna Erla Pálmadóttir,1958-08-04
1167,Jóhanna María Sigmundsdóttir,1991-06-28
287,Jóhanna Sigurðardóttir,1942-10-04
855,Jóhanna Þorsteinsdóttir,1945-05-13
856,Jóhannes Árnason,1935-04-20
857,Jóhannes Guðmundsson,1916-02-13
288,Jóhannes Jóhannesson,1866-01-17
1301,Jóhannes A. Kristbjörnsson,1965-12-20
289,Jóhannes Jónasson úr Kötlum,1899-11-04
290,Jóhannes Ólafsson,1859-07-02
291,Jóhannes Geir Sigurgeirsson,1950-11-08
1300,Jóhannes Stefánsson,1988-07-26
292,Jón J. Aðils,1869-04-25
1143,Jón Kr. Arnarson,1962-01-30
293,Jón Árnason,1909-01-15
1219,Jón Árnason,1970-06-16
858,Jón O Ásbergsson,1950-05-31
294,Jón Baldvinsson,1882-12-20
371,Jón Bjarnason,1943-12-26
859,Jón Bragi Bjarnason,1948-08-15
296,Jón Blöndal,1825-11-07
297,Jón Gíslason,1896-01-11
299,Jón Guðnason,1889-07-12
659,Jón Gunnarsson,1959-05-26
688,Jón Gunnarsson,1956-09-21
300,Jón Baldvin Hannibalsson,1939-02-21
1035,Jón Björn Hákonarson,1973-01-27
302,Jón Helgason,1931-10-04
303,Jón Ármann Héðinsson,1927-06-21
304,Jón Hjaltalín,1807-04-27
305,Jón A. Hjaltalín,1840-03-21
860,Jón Ingi Ingvarsson,1943-04-19
861,Jón Ísberg,1924-04-24
306,Jón Ívarsson,1891-01-01
307,Jón Jacobson,1860-12-06
308,Jón Jensson,1855-11-23
310,Jón Jónatansson,1874-05-14
315,Jón Jónsson,1841-04-29
317,Jón Jónsson,1849-08-12
318,Jón Jónsson,1852-11-02
319,Jón Jónsson,1855-04-23
320,Jón Jónsson,1871-01-19
322,Jón Jónsson,1886-09-08
701,Jón Auðunn Jónsson,1878-07-17
323,Jón Kjartansson,1893-07-20
324,Jón Kjartansson,1917-06-05
10,Jón Kristjánsson,1942-06-11
326,Jón Magnússon,1859-01-16
689,Jón Magnússon,1946-03-23
327,Jón Ólafsson,1850-03-20
328,Jón Ólafsson,1868-10-16
1168,Jón Þór Ólafsson,1977-03-13
1116,Jón Kr. Óskarsson,1936-09-22
330,Jón Pálmason,1888-11-28
331,Jón Pétursson,1812-01-16
1299,Jón Ragnar Ríkarðsson,1965-08-28
6,Jón Sigurðsson,1811-06-17
334,Jón Sigurðsson,1828-05-11
335,Jón Sigurðsson,1871-12-13
336,Jón Sigurðsson,1888-03-13
337,Jón Sigurðsson,1941-04-17
338,Jón Sæmundur Sigurjónsson,1941-11-25
339,Jón Skaftason,1926-11-25
340,Jón G. Sólnes,1910-09-30
862,Jón Sveinsson,1950-07-07
1250,Jón Steindór Valdimarsson,1958-06-27
863,Jón Þorgilsson,1931-03-31
342,Jón Þorkelsson,1859-04-16
343,Jón Þorláksson,1877-03-03
865,Jón Snorri Þorleifsson,1929-06-03
344,Jón Þorsteinsson,1924-02-21
345,Jón Þórarinsson,1854-02-23
1264,Jóna Sólveig Elínardóttir,1985-08-13
347,Jóna Valgerður Kristjánsdóttir,1935-09-26
348,Jónas Árnason,1923-05-28
349,Jónas Guðmundsson,1898-06-11
866,Jónas Hallgrímsson,1945-04-17
350,Jónas Jónassen,1840-08-18
352,Jónas Jónsson,1930-03-09
351,Jónas Jónsson frá Hriflu,1885-05-01
353,Jónas Kristjánsson,1870-09-20
867,Jónas Magnússon,1915-04-15
354,Jónas Pétursson,1910-04-20
355,Jónas G. Rafnar,1920-08-26
356,Jónas Þorbergsson,1885-01-22
1315,Jónína E. Arnardóttir,1967-02-10
372,Jónína Bjartmarz,1952-12-23
724,Jónína Rós Guðmundsdóttir,1958-07-06
868,Jónína Leósdóttir,1954-05-16
1125,Jórunn Einarsdóttir,1975-04-22
357,Jósafat Jónatansson,1844-08-18
358,Jósef J. Björnsson,1858-11-26
359,Jósef Halldór Þorgeirsson,1936-07-16
361,Júlíus Havsteen,1839-08-13
362,Júlíus Sólnes,1937-03-22
869,Jörgína Jónsdóttir,1956-09-25
363,Jörundur Brynjólfsson,1884-02-21
1102,Jörundur Guðmundsson,1947-06-04
870,Karen Erla Erlingsdóttir,1955-10-16
1242,Karen Elísabet Halldórsdóttir,1974-02-19
364,Karl Einarsson,1872-01-18
365,Karl Finnbogason,1875-12-29
1169,Karl Garðarsson,1960-07-02
366,Karl Guðjónsson,1917-11-01
367,Karl Steinar Guðnason,1939-05-27
1333,Karl Gauti Hjaltason,1959-05-31
368,Karl Kristjánsson,1895-05-10
373,Karl V. Matthíasson,1952-08-12
871,Karl G. Sigurbergsson,1923-07-16
1310,Karólína Helga Símonardóttir,1984-10-22
369,Karvel Pálmason,1936-07-13
1297,Katla Hólm Þórhildardóttir,1987-07-18
1068,Katrín Andrésdóttir,1956-03-11
1117,Katrín Ásgrímsdóttir,1962-05-10
374,Katrín Fjeldsted,1946-11-06
690,Katrín Jakobsdóttir,1976-02-01
660,Katrín Júlíusdóttir,1974-11-23
872,Katrín J Smári,1911-07-22
370,Katrín Thoroddsen,1896-07-07
375,Kári Sigurjónsson,1875-03-02
1022,Kjartan Eggertsson,1954-08-18
377,Kjartan Jóhannsson,1939-12-19
376,Kjartan J. Jóhannsson,1907-04-19
378,Kjartan Ólafsson,1933-06-02
379,Kjartan Ólafsson,1953-11-02
380,Klemens Jónsson,1862-08-27
1265,Kolbeinn Óttarsson Proppé,1972-12-19
1049,Kolbrún Baldursdóttir,1959-03-23
383,Kolbrún Halldórsdóttir,1955-07-31
382,Kolbrún Jónsdóttir,1949-09-28
873,Kolbrún Jónsdóttir,1945-07-02
384,Kristinn E. Andrésson,1901-06-12
385,Kristinn Daníelsson,1861-02-18
874,Kristinn Guðmundsson,1897-10-14
875,Kristinn Gunnarsson,1922-12-29
386,Kristinn H. Gunnarsson,1952-08-19
387,Kristinn Pétursson,1952-03-12
388,Kristín Ástgeirsdóttir,1951-05-03
1103,Kristín Jóh. Björnsdóttir,1956-11-05
389,Kristín Einarsdóttir,1949-01-11
390,Kristín Halldórsdóttir,1939-10-20
391,Kristín S. Kvaran,1946-01-05
876,Kristín Sigurðardóttir,1950-02-21
392,Kristín L. Sigurðardóttir,1898-03-23
1292,Kristín Traustadóttir,1972-05-08
877,Kristín H. Tryggvadóttir,1936-08-14
878,Kristjana Bergsdóttir,1952-09-20
879,Kristjana M Thorsteinsson,1926-05-26
880,Kristján Ármannsson,1944-05-17
881,Kristján Friðriksson,1912-07-21
882,Kristján Guðmundsson,1945-10-04
883,Kristján J Gunnarsson,1919-11-29
884,Kristján Ingólfsson,1932-10-08
393,Kristján Jónsson,1852-03-04
885,Kristján Jónsson,1915-03-06
691,Kristján Þór Júlíusson,1957-07-15
396,Kristján L. Möller,1953-06-26
397,Kristján Pálsson,1944-12-01
886,Kristján Thorlacius,1917-11-17
887,Kristófer Már Kristinsson,1948-08-03
1015,Kristrún Heimisdóttir,1971-08-28
888,Lára V. Júlíusdóttir,1951-04-13
398,Lára Margrét Ragnarsdóttir,1947-10-09
1118,Lára Stefánsdóttir,1957-03-09
399,Lárus H. Bjarnason,1866-03-27
400,Lárus Blöndal,1836-11-16
401,Lárus Halldórsson,1851-01-10
1241,Lárus Ástmar Hannesson,1966-07-15
402,Lárus Helgason,1873-08-08
404,Lárus Jóhannesson,1898-10-21
405,Lárus Jónsson,1933-11-17
406,Lárus E. Sveinbjörnsson,1834-08-31
1244,Lilja Alfreðsdóttir,1973-10-04
1104,Lilja Guðmundsdóttir,1948-02-17
714,Lilja Rafney Magnúsdóttir,1957-06-24
711,Lilja Mósesdóttir,1961-11-11
1288,Lilja Sigurðardóttir,1986-09-15
1170,Líneik Anna Sævarsdóttir,1964-11-03
1128,Logi Einarsson,1964-08-21
407,Lúðvík Bergvinsson,1964-04-29
1130,Lúðvík Geirsson,1959-04-21
408,Lúðvík Jósepsson,1914-06-16
889,Magdalena M. Sigurðardóttir,1934-09-26
1105,Magnús Aðalbjörnsson,1941-05-15
410,Magnús Andrésson,1845-06-30
412,Magnús Th. S. Blöndahl,1861-09-10
414,Magnús Gíslason,1884-11-01
890,Magnús H. Gíslason,1918-03-23
415,Magnús Guðmundsson,1879-02-06
891,Magnús Reynir Guðmundsson,1944-01-22
661,Magnús Þór Hafsteinsson,1964-05-29
417,Magnús Jónsson,1887-11-26
418,Magnús Jónsson,1919-09-07
892,Magnús Jónsson,1948-07-02
1090,Magnús B. Jónsson,1952-04-14
419,Magnús Kjartansson,1919-02-25
420,Magnús Kristjánsson,1862-04-18
667,Magnús Árni Magnússon,1968-03-14
421,Magnús H. Magnússon,1922-09-30
1140,Magnús M. Norðdahl,1956-09-30
422,Magnús Torfi Ólafsson,1923-05-05
424,Magnús Pétursson,1881-05-16
725,Magnús Orri Schram,1972-04-23
425,Magnús Stefánsson,1960-10-01
427,Magnús Stephensen,1836-10-18
1091,Magnús L. Sveinsson,1931-05-01
428,Magnús Torfason,1868-05-12
429,Margrét Frímannsdóttir,1954-05-29
1199,Margrét Gauja Magnúsdóttir,1976-11-11
998,Margrét Pétursdóttir,1966-11-03
893,Margrét Sigurðardóttir,1917-07-05
1069,Margrét K. Sverrisdóttir,1958-09-08
723,Margrét Tryggvadóttir,1972-05-20
1348,María Hjálmarsdóttir,1982-05-28
894,María E. Ingvadóttir,1946-09-27
895,María Jóhanna Lárusdóttir,1946-10-14
896,Maríanna Friðjónsdóttir,1953-11-13
1344,Maríanna Eva Ragnarsdóttir,1977-03-18
897,Markús Á Einarsson,1939-03-05
430,Matthías Bjarnason,1921-08-15
898,Matthías Ingibergsson,1918-02-21
431,Matthías Á. Mathiesen,1931-08-06
432,Matthías Ólafsson,1857-06-25
433,Málmfríður Sigurðardóttir,1927-03-30
662,Mörður Árnason,1953-10-30
1267,Nichole Leigh Mosty,1972-10-19
899,Níels Árni Lund,1950-07-01
1255,Njáll Trausti Friðbertsson,1969-12-31
1205,Oddgeir Ágúst Ottesen,1973-08-06
719,Oddný G. Harðardóttir,1957-04-09
900,Oddur Andrésson,1912-11-24
434,Oddur Ólafsson,1909-04-26
1295,Oktavía Hrund Jónsdóttir,1979-03-07
1341,Olga Margrét Cilia,1986-02-28
1287,Orri Páll Jóhannsson,1978-05-19
1070,Ólafía Ingólfsdóttir,1952-05-30
435,Ólafur Björnsson,1912-02-02
901,Ólafur Björnsson,1924-04-22
1071,Ólafur Björnsson,1962-06-18
437,Ólafur Briem,1851-01-28
438,Ólafur F. Davíðsson,1858-03-25
439,Ólafur G. Einarsson,1932-07-07
1043,Ólafur Níels Eiríksson,1977-06-20
440,Ólafur Ragnar Grímsson,1943-05-14
902,Ólafur Gränz,1941-01-16
1001,Ólafur Þór Gunnarsson,1963-07-17
904,Ólafur Hannibalsson,1935-11-06
441,Ólafur Örn Haraldsson,1947-09-29
1334,Ólafur Ísleifsson,1955-02-10
443,Ólafur Jóhannesson,1913-03-01
903,Ólafur Kristjánsson,1935-12-07
445,Ólafur Ólafsson,1855-09-24
905,Ólafur Ólafsson,1924-05-05
906,Ólafur B. Óskarsson,1943-05-07
446,Ólafur Pálsson,1814-08-07
447,Ólafur Pálsson,1830-02-13
448,Ólafur Proppé,1886-05-12
451,Ólafur J. Thorlacius,1869-03-11
452,Ólafur Thors,1892-01-19
453,Ólafur Þ. Þórðarson,1940-12-08
454,Óli Þ. Guðbjartsson,1935-08-27
1314,Óli Halldórsson,1975-05-10
999,Óli Björn Kárason,1960-08-26
715,Ólína Kjerúlf Þorvarðardóttir,1958-09-08
907,Ólöf Hildur Jónsdóttir,1959-04-10
692,Ólöf Nordal,1966-12-03
1217,Ólöf Pálína Úlfarsdóttir,1956-10-18
1072,Ólöf Guðný Valdimarsdóttir,1954-09-21
1302,Ómar Ásbjörn Óskarsson,1984-07-17
1135,Ósk Vilhjálmsdóttir,1962-10-08
455,Óskar Jónsson,1899-09-03
456,Óskar E Levy,1913-02-23
1171,Óttarr Proppé,1968-11-07
1026,Paul Nikolov,1971-12-18
1251,Pawel Bartoszek,1980-09-25
1172,Páll Valur Björnsson,1962-07-09
457,Páll Briem,1856-10-19
908,Páll Dagbjartsson,1948-08-31
458,Páll Hallgrímsson,1912-02-06
459,Páll Hermannsson,1880-04-29
909,Páll Kristjánsson,1904-01-18
1073,Páll Magnússon,1971-03-12
1266,Páll Magnússon,1954-06-17
910,Páll Metúsalemsson,1899-08-24
462,Páll Ólafsson,1827-03-08
463,Páll Ólafsson,1850-07-20
465,Páll Pálsson,1832-09-08
466,Páll Pálsson,1836-10-04
1173,Páll Jóhann Pálsson,1957-11-25
467,Páll Pétursson,1937-03-17
470,Páll Zóphóníasson,1886-11-18
471,Páll Þorbjörnsson,1906-10-07
472,Páll Þorsteinsson,1909-10-22
473,Pálmi Hannesson,1898-01-03
474,Pálmi Jónsson,1929-11-11
911,Pálmi Ólason,1934-05-01
475,Petrína Baldursdóttir,1960-09-18
476,Pétur Benediktsson,1906-12-08
912,Pétur Bjarnason,1941-06-12
913,Pétur Blöndal,1925-11-16
477,Pétur H. Blöndal,1944-06-24
479,Pétur Halldórsson,1887-04-26
914,Pétur Hannesson,1893-06-17
481,Pétur Jónsson,1858-08-28
482,Pétur Magnússon,1888-01-10
1156,Pétur Georg Markan,1981-02-16
483,Pétur Ottesen,1888-08-02
484,Pétur Pétursson,1808-10-03
485,Pétur Pétursson,1921-08-21
486,Pétur Sigurðsson,1928-07-02
915,Pétur Sigurðsson,1931-12-18
916,Pétur Þórarinsson,1951-06-23
487,Pétur Þórðarson,1864-02-16
1240,Preben Jón Pétursson,1966-07-29
917,Rafn Pétursson,1918-08-03
488,Ragnar Arnalds,1938-07-08
918,Ragnar Elbergsson,1946-02-25
919,Ragnar Guðleifsson,1905-10-27
489,Ragnar Jónsson,1915-08-24
920,Ragnar Óskarsson,1948-01-17
921,Ragnar Þorgeirsson,1966-01-23
693,Ragnheiður E. Árnadóttir,1967-09-30
1074,Ragnheiður Hákonardóttir,1954-03-18
1016,Ragnheiður Ólafsdóttir,1942-10-08
694,Ragnheiður Ríkharðsdóttir,1949-06-23
922,Ragnheiður Sveinbjörnsdóttir,1936-12-29
923,Ragnhildur Eggertsdóttir,1939-03-09
490,Ragnhildur Helgadóttir,1930-05-26
491,Rannveig Guðmundsdóttir,1940-09-15
492,Rannveig Þorsteinsdóttir,1904-07-06
924,Ríkharð Brynjólfsson,1946-01-02
708,Róbert Marshall,1971-05-31
1183,Rósa Björk Brynjólfsdóttir,1975-02-09
1019,Rósa Guðbjartsdóttir,1965-11-29
925,Runólfur Birgisson,1948-03-04
493,Salome Þorkelsdóttir,1927-07-03
1119,Samúel Örn Erlingsson,1959-11-12
1120,Sandra Franks,1966-03-17
1238,Sandra Dís Hafþórsdóttir,1974-02-12
1289,Sara Elísa Þórðardóttir,1981-01-20
494,Sigbjörn Gunnarsson,1951-05-02
495,Sigfús Árnason,1856-09-10
926,Sigfús J Johnsen,1930-11-25
496,Sigfús Jónsson,1866-08-24
1092,Sigfús Leví Jónsson,1938-11-03
1028,Sigfús Karlsson,1965-09-25
497,Sigfús Sigurhjartarson,1902-02-06
927,Siggeir Björnsson,1919-01-15
498,Sighvatur Árnason,1823-11-29
499,Sighvatur Björgvinsson,1942-01-23
729,Sigmundur Davíð Gunnlaugsson,1975-03-12
717,Sigmundur Ernir Rúnarsson,1961-03-06
1018,Sigríður Á. Andersen,1971-11-21
928,Sigríður Lillý Baldursdóttir,1954-06-08
1350,Sigríður María Egilsdóttir,1993-11-01
929,Sigríður Guðvarðsdóttir,1921-07-01
930,Sigríður Hjartar,1943-01-30
712,Sigríður Ingibjörg Ingadóttir,1968-05-29
635,Sigríður Ingvarsdóttir,1965-05-15
502,Sigríður Jóhannesdóttir,1943-06-10
500,Sigríður Dúna Kristmundsdóttir,1952-08-13
1075,Sigríður Ragnarsdóttir,1949-10-31
931,Sigríður Þorvaldsdóttir,1941-04-12
501,Sigríður A. Þórðardóttir,1946-05-14
1311,Sigrún Ingibjörg Gísladóttir,1988-06-13
1196,Sigrún Gunnarsdóttir,1960-05-16
932,Sigrún Helgadóttir,1949-09-22
933,Sigrún Jónsdóttir,1960-08-22
934,Sigrún Magnúsdóttir,1944-06-15
1243,Sigurbjörg Erla Egilsdóttir,1986-11-18
935,Sigurður E. Arnórsson,1949-05-05
503,Sigurður Ágústsson,1897-03-25
1230,Sigurður Örn Ágústsson,1970-04-15
504,Sigurður Bjarnason,1915-12-18
936,Sigurður Björgvinsson,1924-01-28
937,Sigurður Blöndal,1924-11-03
506,Sigurður Eggerz,1875-03-01
507,Sigurður Einarsson,1898-10-29
938,Sigurður Rúnar Friðjónsson,1950-06-05
939,Sigurður E. Guðmundsson,1932-05-18
940,Sigurður Grétar Guðmundsson,1934-10-14
508,Sigurður Guðnason,1888-06-21
510,Sigurður Gunnarsson,1848-05-25
511,Sigurður E. Hlíðar,1885-04-04
941,Sigurður Hlöðvesson,1949-07-23
512,Sigurður Ingimundarson,1913-07-10
513,Sigurður Jensson,1853-06-15
942,Sigurður Jóhannesson,1931-10-02
726,Sigurður Ingi Jóhannsson,1962-04-20
514,Sigurður Jónsson,1851-10-13
515,Sigurður Jónsson,1852-01-28
1203,Sigurður Páll Jónsson,1958-06-23
516,Sigurður Kristjánsson,1885-04-14
663,Sigurður Kári Kristjánsson,1973-05-09
517,Sigurður H. Kvaran,1862-06-13
943,Sigurður J. Líndal,1915-11-29
944,Sigurður Magnússon,1948-07-01
518,Sigurður Melsteð,1819-12-12
519,Sigurður Ó. Ólafsson,1896-10-07
945,Sigurður Óskarsson,1937-07-09
1017,Sigurður Pétursson,1958-06-13
520,Sigurður Sigurðsson,1864-10-04
521,Sigurður Stefánsson,1854-08-30
522,Sigurður S. Thoroddsen,1902-07-24
946,Sigurður Vilhjálmsson,1892-03-07
523,Sigurður Þórðarson,1888-07-19
947,Sigurður Þórólfsson,1932-11-11
948,Sigurgeir Bóasson,1948-07-03
949,Sigurgeir Kristjánsson,1916-07-30
950,Sigurgeir Sigurðsson,1934-12-14
1006,Sigurgeir Sindri Sigurgeirsson,1974-04-05
524,Sigurjón Friðjónsson,1867-09-22
526,Sigurjón Þ. Jónsson,1878-06-27
1201,Sigurjón Kjærnested,1985-11-03
527,Sigurjón Á. Ólafsson,1884-10-29
951,Sigurjón Sigurðsson,1895-03-04
664,Sigurjón Þórðarson,1964-06-29
528,Sigurlaug Bjarnadóttir,1926-07-04
1041,Sigurlín Margrét Sigurðardóttir,1964-04-23
671,Sigurrós Þorgrímsdóttir,1947-04-16
529,Sigurvin Einarsson,1899-10-30
1174,Silja Dögg Gunnarsdóttir,1973-12-16
530,Siv Friðleifsdóttir,1962-08-10
1076,Skjöldur Orri Skjaldarson,1974-09-09
531,Skúli Alexandersson,1926-09-09
532,Skúli Guðmundsson,1900-10-10
720,Skúli Helgason,1965-04-15
534,Skúli Thoroddsen,1859-01-06
535,Skúli S. Thoroddsen,1890-03-24
536,Skúli Þorvarðsson,1831-10-31
1268,Smári McCarthy,1984-02-07
952,Snjólaug Guðmundsdóttir,1945-11-14
953,Snorri Jónsson,1913-10-23
537,Snorri Pálsson,1840-02-04
954,Snæbjörn Ásgeirsson,1931-04-27
1077,Soffía Gísladóttir,1965-12-07
955,Soffía Guðmundsdóttir,1927-01-25
956,Soffía Ingvarsdóttir,1903-06-17
538,Sólveig Pétursdóttir,1952-03-11
1078,Stefanía Óskarsdóttir,1962-08-07
957,Stefanía Traustadóttir,1951-09-05
539,Stefán Benediktsson,1941-10-20
958,Stefán B. Björnsson,1906-06-15
540,Stefán Eiríksson,1817-05-17
541,Stefán Guðmundsson,1932-05-24
542,Stefán Gunnlaugsson,1925-12-16
544,Stefán Jónsson,1923-05-09
960,Stefán Júlíusson,1915-09-25
545,Stefán Stefánsson,1863-06-29
546,Stefán Stefánsson,1863-08-01
548,Stefán Stefánsson,1896-08-01
547,Stefán Jóh. Stefánsson,1894-07-20
1349,Stefán Vagn Stefánsson,1972-01-17
549,Stefán Stephensen,1829-01-24
551,Stefán Valgeirsson,1918-11-20
552,Steindór Steindórsson,1902-08-12
553,Steingrímur Aðalsteinsson,1903-01-13
554,Steingrímur Hermannsson,1928-06-22
555,Steingrímur Jónsson,1867-12-27
556,Steingrímur Pálsson,1918-05-29
557,Steingrímur J. Sigfússon,1955-08-04
558,Steingrímur Steinþórsson,1893-02-12
1031,Steinunn Þóra Árnadóttir,1977-09-18
695,Steinunn Valdís Óskarsdóttir,1965-04-07
1037,Steinunn K. Pétursdóttir,1973-12-28
559,Steinþór Gestsson,1913-05-31
560,Sturla Böðvarsson,1945-11-23
1079,Sturla D. Þorsteinsson,1951-05-15
730,Svandís Svavarsdóttir,1964-08-24
561,Svanfríður Jónasdóttir,1951-11-10
959,Svanhildur Árnadóttir,1948-06-18
1093,Svanhildur Kaaber,1944-09-07
1042,Svanhvít Aradóttir,1973-12-05
562,Svava Jakobsdóttir,1930-10-04
563,Svavar Gestsson,1944-06-26
961,Sváfnir Sveinbjörnsson,1928-07-26
1222,Sveinbjörg Birna Sveinbjörnsdóttir,1973-01-29
565,Sveinbjörn Högnason,1898-04-06
566,Sveinn Björnsson,1881-02-27
962,Sveinn S. Einarsson,1915-11-09
567,Sveinn Eiríksson,1844-08-04
963,Sveinn Þór Elinbergsson,1956-09-28
568,Sveinn Guðmundsson,1912-08-27
964,Sveinn G. Hálfdánarson,1939-07-23
965,Sveinn Jónsson,1948-09-07
570,Sveinn Ólafsson,1863-02-11
966,Sverrir Bergmann,1936-01-20
573,Sverrir Hermannsson,1930-02-26
574,Sverrir Júlíusson,1912-10-12
967,Sverrir Sveinsson,1933-07-05
674,Sæunn Stefánsdóttir,1978-08-04
1256,Teitur Björn Einarsson,1980-04-01
1142,Telma Magnúsdóttir,1983-03-11
575,Theodór Jónassen,1838-08-09
1269,Theodóra S. Þorsteinsdóttir,1969-09-02
576,Thor Thors,1903-11-26
577,Torfi Einarsson,1812-12-25
578,Tómas Árnason,1923-07-21
968,Tómas Karlsson,1937-03-20
579,Tómas Ingi Olrich,1943-02-13
580,Tryggvi Bjarnason,1869-06-19
581,Tryggvi Gunnarsson,1835-10-18
969,Tryggvi Gunnarsson,1927-07-24
1033,Tryggvi Harðarson,1954-06-30
710,Tryggvi Þór Herbertsson,1963-01-17
582,Tryggvi Þórhallsson,1889-02-09
1342,Una Hildardóttir,1991-08-03
1121,Una María Óskarsdóttir,1962-09-19
970,Unnar Þór Böðvarsson,1945-11-01
971,Unnar Stefánsson,1934-04-20
972,Unnur Sólrún Bragadóttir,1951-05-14
973,Unnur Hauksdóttir,1958-07-10
721,Unnur Brá Konráðsdóttir,1974-04-06
974,Unnur Kristjánsdóttir,1955-01-14
975,Unnur Stefánsdóttir,1951-01-18
669,Valdimar L. Friðriksson,1960-07-20
583,Valdimar Indriðason,1925-09-09
1013,Valgeir Skagfjörð,1956-05-08
705,Valgerður Bjarnadóttir,1950-01-13
976,Valgerður Gunnarsdóttir,1950-10-26
1175,Valgerður Gunnarsdóttir,1955-07-17
13,Valgerður Sverrisdóttir,1950-03-23
977,Valtýr Guðjónsson,1910-05-08
584,Valtýr Guðmundsson,1860-03-11
978,Valtýr Kristjánsson,1918-07-23
706,Vigdís Hauksdóttir,1965-03-20
1080,Vigdís Sveinbjörnsdóttir,1955-01-11
979,Vigfús B. Jónsson,1929-08-08
1137,Viktor B. Kjartansson,1967-04-17
1286,Viktor Orri Valgarðsson,1989-10-22
585,Vilborg Harðardóttir,1935-09-13
1176,Vilhjálmur Árnason,1983-10-29
981,Vilhjálmur Ingi Árnason,1945-10-12
1177,Vilhjálmur Bjarnason,1952-04-20
586,Vilhjálmur Egilsson,1952-12-18
588,Vilhjálmur Hjálmarsson,1914-09-20
982,Vilhjálmur Sigurbjörnsson,1923-06-01
1081,Vilhjálmur Þ. Vilhjálmsson,1946-04-26
590,Vilmundur Gylfason,1948-08-07
591,Vilmundur Jónsson,1889-05-28
1124,Víðir Smári Petersen,1988-11-03
1178,Willum Þór Þórsson,1963-03-17
592,Þorbergur Þorleifsson,1890-06-18
983,Þorbjörg Arnórsdóttir,1953-11-15
984,Þorfinnur Bjarnason,1918-05-05
632,Þorgerður K. Gunnarsdóttir,1965-10-04
594,Þorgrímur Þórðarson,1859-12-17
595,Þorkell Bjarnason,1839-07-18
596,Þorlákur Guðmundsson,1834-12-22
597,Þorleifur Guðmundsson,1882-03-25
598,Þorleifur Jónsson,1855-04-26
599,Þorleifur Jónsson,1864-08-21
985,Þorleifur K. Kristmundsson,1925-06-12
600,Þorsteinn Briem,1885-07-03
1319,Þorsteinn V. Einarsson,1985-04-02
986,Þorsteinn Gíslason,1928-12-01
602,Þorsteinn Jónsson,1840-05-11
603,Þorsteinn Jónsson,1840-11-17
604,Þorsteinn M. Jónsson,1885-08-20
1187,Þorsteinn Magnússon,1976-05-27
606,Þorsteinn Pálsson,1947-10-29
1179,Þorsteinn Sæmundsson,1953-11-14
607,Þorsteinn Thorsteinsson,1835-01-09
1254,Þorsteinn Víglundsson,1969-11-22
608,Þorsteinn Þorsteinsson,1884-12-23
987,Þorsteinn Þorsteinsson,1929-04-23
609,Þorvaldur Björnsson,1833-10-18
1036,Þorvaldur Ingvarsson,1960-10-08
988,Þorvaldur T. Jónsson,1963-04-14
610,Þorvaldur Garðar Kristjánsson,1919-10-10
612,Þorvarður Kjerúlf,1848-04-01
713,Þór Saari,1960-06-09
989,Þór Vigfússon,1936-04-02
990,Þóra Hjaltadóttir,1951-05-18
1094,Þóra Sverrisdóttir,1970-04-09
613,Þórarinn Benediktsson,1871-03-03
614,Þórarinn Böðvarsson,1825-05-03
615,Þórarinn Jónsson,1870-02-06
1345,Þórarinn Ingi Pétursson,1972-08-22
617,Þórarinn Sigurjónsson,1923-07-26
1050,Þórarinn E. Sveinsson,1952-07-10
618,Þórarinn Þórarinsson,1914-09-19
991,Þórdís Bergsdóttir,1929-07-07
1252,Þórdís Kolbrún R. Gylfadóttir,1987-11-04
1051,Þórdís Sigurðardóttir,1965-11-20
619,Þórður Benediktsson,1898-03-10
621,Þórður Guðmundsson,1844-10-27
622,Þórður Jónasson,1800-02-26
623,Þórður Magnússon,1829-12-26
992,Þórður Skúlason,1943-07-27
625,Þórður Thoroddsen,1856-11-14
626,Þórður Þórðarson,1828-01-08
627,Þórhallur Bjarnarson,1855-12-02
628,Þórhildur Þorleifsdóttir,1945-03-25
1270,Þórhildur Sunna Ævarsdóttir,1987-05-06
629,Þóroddur Guðmundsson,1903-07-21
1180,Þórunn Egilsdóttir,1964-11-23
1034,Þórunn Kolbeins Matthíasdóttir,1953-05-03
633,Þórunn Sveinbjarnardóttir,1965-11-22
1095,Þórunn H. Sveinbjörnsdóttir,1945-12-28
709,Þráinn Bertelsson,1944-11-30
993,Þráinn Jónsson,1930-10-05
634,Þuríður Backman,1948-01-08
1083,Þuríður Bernódusdóttir,1954-11-13
994,Þuríður Pálsdóttir,1927-03-11
630,Ögmundur Jónasson,1948-07-17
1122,Önundur S. Björnsson,1950-07-15
1084,Örlygur Hnefill Jónsson,1953-08-28
631,Össur Skarphéðinsson,1953-06-19
